dataset,n_honest,n_ambiguous,n_deceptive,auroc,auroc_vs_alpaca,recall 1.0%,fpr 1.0%,recall 0.1%,fpr 0.1%,diagnostic_issues,diagnostic_impacted,auroc_marked
repe_honesty__plain_val,61,0,61,1.0,0.9999548748857157,1.0,0.0,1.0,0.0,,False,1.000
ai_liar__original_without_answers,27,0,27,0.8943758573388202,0.8214743661011421,0.0,0.0,0.0,0.0,,False,0.894
roleplaying__plain,0,0,371,,,,,,,"no_honest,auroc_nan_or_inf",True,nan
insider_trading__upscale,669,324,336,0.4759457968538686,0.8181200386898805,0.0,0.0,0.0,0.0,,False,0.476
insider_trading_doubledown__upscale,0,0,48,,0.14529551063971716,0.0,,0.0,,"no_honest,auroc_nan_or_inf",True,nan
sandbagging_v2__wmdp_mmlu,500,0,500,,,,,,,auroc_nan_or_inf,True,nan
ai_audit__reasoning,8,0,8,,,,,,,auroc_nan_or_inf,True,nan
ai_audit__a1_2,0,0,1,,,,,,,"no_honest,auroc_nan_or_inf",True,nan
ai_audit__a1_2_reasoning,0,0,1,,,,,,,"no_honest,auroc_nan_or_inf",True,nan
